City_ID,City,Lat,Lng,Max Temp,Humidity,Cloudiness,Wind Speed,Country,Date
0,pacific grove,36.6177,-121.9166,25.01,82,40,3.13,US,1717449271
1,alice springs,-23.7,133.8833,10.75,100,27,3.09,AU,1717449271
2,jalai nur,49.45,117.7,13.5,70,17,2.26,CN,1717449272
3,adamstown,-25.066,-130.1015,21.26,82,100,2.72,PN,1717449272
4,bredasdorp,-34.5322,20.0403,14.56,77,100,4.7,ZA,1717449272
5,maceio,-9.6658,-35.7353,26.69,83,20,2.06,BR,1717449033
6,anadyr,64.75,177.4833,9.28,57,0,5.0,RU,1717449272
7,hithadhoo,-0.6,73.0833,28.62,73,83,3.85,MV,1717449272
8,happy valley-goose bay,53.3168,-60.3315,22.17,68,75,4.63,CA,1717449272
9,eseka,3.65,10.7667,23.46,100,94,1.36,CM,1717449273
10,hermanus,-34.4187,19.2345,14.89,86,100,6.01,ZA,1717449273
11,berezovyy,51.6667,135.7,7.82,84,67,0.63,RU,1717449273
12,badger,64.8,-147.5333,18.53,47,100,0.0,US,1717449273
13,vershino-darasunskiy,52.35,115.5167,10.25,78,98,0.62,RU,1717449273
14,dwarka,22.2394,68.9678,28.41,76,26,4.97,IN,1717449273
15,jamestown,42.097,-79.2353,24.8,57,0,2.57,US,1717448992
16,papatowai,-46.5619,169.4708,7.11,66,33,1.21,NZ,1717449273
17,edinburgh of the seven seas,-37.0676,-12.3116,11.98,58,39,1.96,SH,1717449274
18,mitchell,43.7094,-98.0298,29.85,45,0,5.81,US,1717449200
19,margaret river,-33.95,115.0667,16.0,82,62,1.22,AU,1717449274
20,longyearbyen,78.2186,15.6401,5.91,81,75,7.72,SJ,1717449267
21,puerto natales,-51.7236,-72.4875,-0.16,92,100,1.16,CL,1717449274
22,mount pearl,47.5166,-52.7813,9.69,98,100,4.12,CA,1717449274
23,petropavlovsk-kamchatsky,53.0452,158.6483,11.33,75,0,1.34,RU,1717449275
24,punta arenas,-53.15,-70.9167,2.06,87,0,3.6,CL,1717449191
25,mejit,10.2753,170.8646,27.92,81,100,9.52,MH,1717449275
26,guerrero negro,27.9769,-114.0611,19.96,60,4,8.66,MX,1717449275
27,bilibino,68.0546,166.4372,10.52,39,72,4.16,RU,1717449275
28,invercargill,-46.4,168.35,3.5,78,71,1.41,NZ,1717449275
29,ushuaia,-54.8,-68.3,3.81,75,20,4.63,AR,1717449236
30,tual,-5.6667,132.75,26.33,85,99,4.63,ID,1717449250
31,albany,42.6001,-73.9662,29.83,33,86,0.45,US,1717449176
32,korla,41.7597,86.1469,22.26,20,32,6.33,CN,1717449275
33,blackmans bay,-43.0167,147.3167,9.18,96,0,0.45,AU,1717449276
34,muroto-misakicho,33.2833,134.15,18.9,70,0,1.26,JP,1717449210
35,ulladulla,-35.35,150.4667,7.48,81,43,2.9,AU,1717449276
36,brookings,44.3114,-96.7984,28.19,46,0,1.54,US,1717449121
37,road town,18.4167,-64.6167,31.02,70,20,4.12,VG,1717449047
38,fortuna,40.5982,-124.1573,18.29,87,100,4.63,US,1717449276
39,okha,53.5739,142.9478,3.47,89,99,6.26,RU,1717449276
40,alaghsas,17.0187,8.0168,37.77,14,60,4.42,NE,1717449276
41,dibba al-hisn,25.6196,56.2729,31.1,64,0,1.19,AE,1717449277
42,ilulissat,69.2167,-51.1,3.01,60,20,3.6,GL,1717449277
43,nanjing,32.0617,118.7778,18.95,53,73,2.27,CN,1717449277
44,ma'rib,15.4591,45.3253,28.83,14,13,1.34,YE,1717449277
45,dudinka,69.4058,86.1778,-6.85,95,31,1.34,RU,1717449277
46,kovalam,8.3667,76.9967,27.05,83,75,0.51,IN,1717449277
47,xilin hot,43.9667,116.0333,14.84,44,23,2.08,CN,1717449277
48,waitangi,-43.9535,-176.5597,8.79,77,85,2.68,NZ,1717449277
49,port alfred,-33.5906,26.891,13.87,50,63,8.23,ZA,1717449277
50,mitu,1.1983,-70.1733,22.81,99,100,1.47,CO,1717449277
51,port mathurin,-19.6833,63.4167,23.75,72,1,9.5,MU,1717449278
52,iqaluit,63.7506,-68.5145,-0.15,93,100,7.72,CA,1717449278
53,koulamoutou,-1.1303,12.4736,22.97,95,7,0.87,GA,1717449278
54,nsanje,-16.92,35.262,21.73,65,0,0.44,MW,1717449278
55,port-aux-francais,-49.35,70.2167,1.87,82,99,12.09,TF,1717449278
56,kuusamo,65.9667,29.1833,16.02,88,0,2.57,FI,1717449278
57,taoudenni,22.6783,-3.9836,37.08,11,100,4.28,ML,1717449278
58,zawiercie,50.4877,19.4168,17.0,92,100,2.74,PL,1717449278
59,thompson,55.7435,-97.8558,16.09,51,75,3.09,CA,1717449279
60,nuuk,64.1835,-51.7216,11.34,50,20,3.6,GL,1717449279
61,grytviken,-54.2811,-36.5092,-2.17,71,26,4.12,GS,1717449279
62,poquoson,37.1224,-76.3458,30.09,60,20,3.09,US,1717449156
63,viedma,-40.8135,-62.9967,8.16,51,100,5.85,AR,1717449022
64,calingasta,-31.3308,-69.4078,15.53,30,100,0.91,AR,1717449279
65,kavadarci,41.4331,22.0119,19.81,75,62,1.65,MK,1717449279
66,georgetown,5.4112,100.3354,26.96,89,20,0.0,MY,1717449097
67,kolonia town,6.964,158.206,29.06,89,100,4.12,FM,1717449279
68,iskateley,67.6803,53.1512,3.34,78,100,1.79,RU,1717449279
69,olonkinbyen,70.9221,-8.7187,0.32,94,100,7.03,SJ,1717449280
70,west island,-12.1568,96.8225,27.99,89,40,3.6,CC,1717449280
71,nacozari de garcia,30.3742,-109.6908,32.85,8,0,8.79,MX,1717449280
72,fasa,28.9383,53.6482,22.58,20,0,2.06,IR,1717449280
73,coquimbo,-29.9533,-71.3436,14.67,81,100,1.29,CL,1717449054
74,kenai,60.5544,-151.2583,16.68,53,75,5.14,US,1717449280
75,keetmanshoop,-26.5833,18.1333,7.51,76,0,3.09,NA,1717449280
76,nar'yan-mar,67.6713,53.087,3.39,78,100,1.79,RU,1717449081
77,hakui,36.8833,136.7833,16.81,88,9,0.66,JP,1717449280
78,geraldton,-28.7667,114.6,15.23,94,100,3.6,AU,1717449281
79,shingu,33.7333,135.9833,14.53,79,0,2.34,JP,1717449281
80,dipayal,29.2608,80.94,24.95,39,5,1.74,NP,1717449281
81,vilyuchinsk,52.9306,158.4028,12.15,62,70,0.96,RU,1717449281
82,nizhneudinsk,54.9076,99.0276,9.92,94,100,3.87,RU,1717449281
83,hotan,37.0997,79.9269,22.28,14,0,1.78,CN,1717449281
84,kodiak,57.79,-152.4072,8.73,87,100,4.12,US,1717449281
85,kingscliff,-28.2667,153.5667,9.31,93,94,1.03,AU,1717449281
86,weno,7.4515,151.8468,28.78,79,99,7.09,FM,1717449281
87,mirnyy,62.5353,113.9611,12.35,66,100,0.89,RU,1717449282
88,lebu,-37.6167,-73.65,12.33,56,100,4.35,CL,1717449282
89,college,64.8569,-147.8028,18.58,47,100,0.0,US,1717449282
90,galliano,29.4422,-90.2992,32.22,66,40,5.66,US,1717449282
91,dunedin,-45.8742,170.5036,8.78,53,22,0.45,NZ,1717449282
92,kirkwall,58.9848,-2.9587,11.03,82,100,5.14,GB,1717449282
93,haiku-pauwela,20.9219,-156.3051,28.45,78,40,10.29,US,1717449282
94,lerwick,60.1545,-1.1494,10.0,70,20,9.34,GB,1717449283
95,constitucion,-35.3333,-72.4167,14.12,59,100,0.67,CL,1717449283
96,mandalgovi,45.7625,106.2708,15.59,48,100,2.77,MN,1717449283
97,flying fish cove,-10.4217,105.6791,26.82,89,100,5.66,CX,1717449283
98,sanming,26.2486,117.6186,17.43,80,97,1.21,CN,1717449283
99,ubari,26.5921,12.7805,30.51,27,52,2.63,LY,1717449283
100,hirakud,21.5167,83.8667,27.93,60,99,2.33,IN,1717449283
101,yellowknife,62.456,-114.3525,11.9,71,75,6.71,CA,1717449283
102,maqat,47.65,53.3167,22.77,53,5,3.62,KZ,1717449283
103,uturoa,-16.7333,-151.4333,26.2,78,100,5.4,PF,1717449284
104,chonchi,-42.6128,-73.8092,8.4,86,100,2.4,CL,1717449284
105,usogorsk,63.4106,48.6872,15.37,82,27,3.73,RU,1717449284
106,utrik,11.2278,169.8474,28.07,81,96,10.28,MH,1717449284
107,wanning,18.8003,110.3967,26.75,83,94,2.87,CN,1717449285
108,sakaiminato,35.55,133.2333,16.99,88,75,3.09,JP,1717449211
109,santa cruz,-17.8,-63.1667,23.66,50,0,4.99,BO,1717449015
110,nosy varika,-20.5833,48.5333,20.04,88,52,1.72,MG,1717449285
111,tura,25.5198,90.2201,22.11,91,100,1.43,IN,1717449285
112,ribeira grande,38.5167,-28.7,19.32,82,20,3.6,PT,1717449285
113,queenstown,-31.8976,26.8753,4.36,70,31,11.19,ZA,1717449285
114,natal,-5.795,-35.2094,27.36,83,75,1.54,BR,1717449072
115,yenangyaung,20.4667,94.8833,26.92,73,100,5.16,MM,1717449285
116,tashtyp,52.7939,89.8983,6.07,94,58,2.23,RU,1717449285
117,polyarnyy,69.1989,33.4478,11.07,88,0,1.73,RU,1717449285
118,hanceville,34.0607,-86.7675,30.09,72,96,2.15,US,1717449286
119,tralee,52.2704,-9.7026,12.59,94,100,1.95,IE,1717449265
120,atafu village,-8.5421,-172.5159,28.86,75,95,4.86,TK,1717449286
121,fort bragg,35.139,-79.006,29.14,78,100,5.66,US,1717449286
122,tonekabon,36.8163,50.8738,21.97,49,0,2.68,IR,1717449286
123,hadibu,12.65,54.0333,28.32,78,99,5.76,YE,1717449287
124,bethel,41.3712,-73.414,29.8,39,75,2.06,US,1717449287
125,vadso,70.0744,29.7487,12.49,93,20,0.0,NO,1717449287
126,torbat-e heydariyeh,35.274,59.2195,20.69,34,0,6.28,IR,1717449287
127,vorgashor,67.5833,63.95,-6.78,98,100,0.99,RU,1717449287
128,fray luis beltran,-39.3167,-65.7667,10.21,42,100,8.08,AR,1717449287
129,princeville,45.7668,-61.2985,16.35,87,100,5.36,CA,1717449287
130,portage la prairie,49.9728,-98.2926,21.17,53,75,4.12,CA,1717449288
131,ikang,4.7898,8.5316,24.83,95,51,1.57,NG,1717449288
132,brisas de zicatela,15.8369,-97.0419,32.29,79,100,3.09,MX,1717449288
133,kayangel,8.0823,134.7173,29.02,70,100,1.51,PW,1717449288
134,lompoc,34.6391,-120.4579,25.47,72,100,10.29,US,1717449288
135,awjilah,29.1081,21.2869,35.52,12,100,6.54,LY,1717449288
136,huarmey,-10.0681,-78.1522,20.99,72,1,3.84,PE,1717449288
137,port elizabeth,-33.918,25.5701,13.16,94,0,3.09,ZA,1717449288
138,sitka,57.0531,-135.33,10.94,76,75,2.06,US,1717449289
139,noyabrsk,63.1994,75.4507,0.13,84,15,3.13,RU,1717449289
140,paphos,34.7667,32.4167,24.88,57,0,2.57,CY,1717449289
141,huangshi,30.2042,115.0776,21.35,67,100,2.34,CN,1717449289
142,margate,51.3813,1.3862,17.61,81,100,0.89,GB,1717449151
143,jiwani,25.05,61.7417,28.86,84,16,4.54,PK,1717449289
144,acarau,-2.8856,-40.12,26.15,86,11,4.49,BR,1717449290
145,tazovsky,67.4667,78.7,-3.39,96,100,5.43,RU,1717449290
146,san luis de la loma,17.2706,-100.8939,31.68,48,73,5.99,MX,1717449290
147,markovo,57.3206,107.0881,9.08,81,93,1.2,RU,1717449290
148,rongelap,11.1635,166.8941,27.78,82,100,8.57,MH,1717449290
149,santa maria,-29.6842,-53.8069,10.35,83,1,3.23,BR,1717449042
150,egilsstadir,65.2653,-14.3948,2.95,70,100,7.72,IS,1717449290
151,ulety,51.3572,112.4849,10.87,94,99,1.09,RU,1717449290
152,arraial do cabo,-22.9661,-42.0278,23.92,83,75,3.09,BR,1717449290
153,namibe,-15.1961,12.1522,18.84,71,18,0.42,AO,1717449291
154,talara,-4.5772,-81.2719,23.42,68,0,7.72,PE,1717449291
155,okhotsk,59.3833,143.3,3.34,97,100,5.24,RU,1717449054
156,brisas barra de suchiate,14.55,-92.2167,32.1,69,100,5.3,MX,1717449291
157,dakoro,14.5106,6.765,33.54,29,16,2.17,NE,1717449291
158,island harbour,50.724,-1.2758,17.31,72,100,3.2,GB,1717449291
159,novosmolinskiy,56.2841,43.0507,17.53,96,24,2.55,RU,1717449291
160,illizi,26.4833,8.4667,34.89,25,100,10.82,DZ,1717449291
161,piti village,13.4626,144.6933,29.03,85,40,0.0,GU,1717449194
162,i-n-salah,27.1935,2.4607,34.42,11,21,2.41,DZ,1717449292
163,villa gesell,-37.2639,-56.973,8.36,62,13,2.23,AR,1717449130
164,westport,41.1415,-73.3579,30.71,46,0,2.06,US,1717449292
165,st. john's,47.5649,-52.7093,10.15,98,100,4.12,CA,1717449192
166,tabora,-5.0167,32.8,20.37,55,3,1.13,TZ,1717449292
167,vuktyl,63.8567,57.3094,8.39,90,85,2.24,RU,1717449292
168,belel,7.05,14.4333,18.17,78,63,1.47,CM,1717449292
169,jaru,-10.4389,-62.4664,27.9,70,47,2.28,BR,1717449292
170,williamsburg,37.2707,-76.7075,29.95,67,75,1.54,US,1717449120
171,udachny,66.4167,112.4,13.03,48,100,2.27,RU,1717449293
172,newman,37.3138,-121.0208,28.35,50,100,3.13,US,1717449293
173,qaqortoq,60.7167,-46.0333,5.2,83,94,0.76,GL,1717449293
174,la'ie,21.6477,-157.9253,27.98,85,13,3.13,US,1717449293
175,rukungiri,-0.8411,29.9419,18.84,73,89,0.87,UG,1717449293
176,nguigmi,14.2495,13.1092,33.5,38,35,4.17,NE,1717449293
177,port macquarie,-31.4333,152.9167,8.13,72,14,2.35,AU,1717449293
178,kirakira,-10.4544,161.9205,27.12,84,7,1.91,SB,1717449294
179,qoryooley,1.7878,44.53,25.29,90,46,6.28,SO,1717449294
180,puerto ayora,-0.7393,-90.3518,27.98,96,85,0.45,EC,1717449294
181,alamosa,37.4695,-105.87,27.99,12,0,6.17,US,1717449294
182,carnarvon,-24.8667,113.6333,18.2,66,0,4.37,AU,1717449067
183,betio village,1.358,172.9211,30.02,75,26,3.16,KI,1717449294
184,ploneour-lanvern,47.9,-4.2833,15.18,77,0,3.09,FR,1717449294
185,tatishchevo,51.6703,45.5953,17.88,87,89,3.97,RU,1717449294
186,avarua,-21.2078,-159.775,24.03,64,75,3.6,CK,1717449294
187,talnakh,69.4865,88.3972,-7.11,94,96,0.26,RU,1717449294
188,quellon,-43.1167,-73.6167,8.02,82,100,6.99,CL,1717449295
189,mancio lima,-7.6142,-72.8958,30.04,62,20,2.57,BR,1717449295
190,zinjibar,13.1287,45.3807,31.88,60,28,1.29,YE,1717449295
191,vernon,50.2581,-119.2691,19.61,50,100,4.02,CA,1717449295
192,valparaiso,-33.0393,-71.6273,15.63,79,100,4.12,CL,1717449295
193,cidreira,-30.1811,-50.2056,11.89,87,78,3.92,BR,1717449295
194,nouadhibou,20.931,-17.0347,19.99,83,4,9.77,MR,1717449295
195,dasoguz,41.8363,59.9666,24.97,38,0,2.06,TM,1717449295
196,lihue,21.9789,-159.3672,28.58,76,100,6.69,US,1717449296
197,ciudad lazaro cardenas,17.9583,-102.2,30.12,52,3,6.2,MX,1717449296
198,vila velha,-20.3297,-40.2925,22.97,88,40,1.03,BR,1717449143
199,malango,-2.9627,119.9001,19.26,99,100,0.99,ID,1717449296
200,kone,-21.0595,164.8658,24.65,81,8,2.29,NC,1717449296
201,wailua homesteads,22.0669,-159.378,28.24,81,100,6.69,US,1717449296
202,hasaki,35.7333,140.8333,17.22,72,100,7.11,JP,1717449296
203,constantia,44.1833,28.65,20.39,88,100,0.97,RO,1717449234
204,coahuayana de hidalgo,18.7,-103.6583,32.56,38,50,3.55,MX,1717449297
205,kilindoni,-7.9139,39.6668,26.58,78,82,4.56,TZ,1717449297
206,tejen,37.3834,60.5054,27.97,30,26,5.62,TM,1717449297
207,lautoka,-17.6167,177.4667,25.92,57,40,3.09,FJ,1717449019
208,stephenville,32.2207,-98.2023,32.3,73,100,2.06,US,1717449297
209,moapa valley,36.5805,-114.4703,39.36,9,84,8.02,US,1717449073
210,san patricio,28.017,-97.5169,33.97,60,100,9.54,US,1717449297
211,warragul,-38.1667,145.9333,9.5,94,97,1.89,AU,1717449297
212,kargasok,59.0556,80.8572,2.76,59,17,4.02,RU,1717449297
213,ulsteinvik,62.3432,5.8487,10.5,85,8,6.26,NO,1717449297
214,whitehorse,60.7161,-135.0538,13.43,58,75,5.66,CA,1717449033
215,saipan,15.1355,145.701,29.39,74,40,4.12,MP,1717449298
216,fale old settlement,-9.3852,-171.2468,28.83,77,77,5.7,TK,1717449298
217,lang son,21.8333,106.7333,23.52,98,100,1.79,VN,1717449298
218,luderitz,-26.6481,15.1594,12.68,78,0,3.05,NA,1717449298
219,medjez el bab,36.6496,9.6123,21.39,56,100,1.37,TN,1717449298
220,lashio,22.9333,97.75,20.05,100,48,0.44,MM,1717449298
221,acapulco de juarez,16.8634,-99.8901,31.9,66,40,4.63,MX,1717449138
222,craig,40.5153,-107.5464,23.97,27,0,9.26,US,1717449299
223,aldama,22.9167,-98.0667,33.22,36,20,6.46,MX,1717449299
224,nogliki,51.8333,143.1667,4.08,93,97,3.13,RU,1717449299
225,minas de marcona,-15.2119,-75.1103,17.35,59,0,4.26,PE,1717449299
226,taloqan,36.7361,69.5345,24.64,22,82,2.32,AF,1717449299
227,taltal,-25.4,-70.4833,17.17,78,96,1.97,CL,1717449299
228,tekkekoy,41.2117,36.46,17.86,100,100,2.06,TR,1717449299
229,peace river,56.2501,-117.286,11.17,87,100,7.2,CA,1717449299
230,mariental,-24.6333,17.9667,8.11,45,0,1.38,NA,1717449299
231,whakatane,-37.9585,176.9854,8.76,91,80,1.34,NZ,1717449300
232,los osos,35.3111,-120.8324,30.2,31,0,9.77,US,1717449300
233,hawaiian paradise park,19.5933,-154.9731,26.04,86,100,0.89,US,1717449300
234,ust'-kut,56.7938,105.7672,9.47,74,100,1.12,RU,1717449300
235,kasempa,-13.4584,25.8338,16.76,34,2,0.76,ZM,1717449300
236,enewetak,11.3474,162.3373,28.05,80,100,6.74,MH,1717449300
237,hamilton,39.1834,-84.5333,29.39,61,0,3.6,US,1717449191
238,san-pedro,4.7485,-6.6363,25.14,92,100,2.78,CI,1717449300
239,vanimo,-2.6741,141.3028,25.5,88,93,2.17,PG,1717449301
240,isafjordur,66.0755,-23.124,1.36,65,19,4.79,IS,1717449301
241,port hedland,-20.3167,118.5667,13.03,71,0,3.09,AU,1717449301
242,ust-nera,64.5667,143.2,15.41,39,7,1.69,RU,1717449301
243,labrador city,52.9463,-66.9114,25.1,37,94,5.36,CA,1717449069
244,tiksi,71.6872,128.8694,2.98,81,32,1.99,RU,1717449301
245,ust'-ilimsk,58.0006,102.6619,13.02,56,100,1.79,RU,1717449301
246,twon-brass,4.3151,6.2418,27.24,83,97,5.65,NG,1717449302
247,mersa matruh,31.3525,27.2453,23.65,66,6,1.86,EG,1717449303
248,luanda,-8.8368,13.2343,24.0,83,75,3.6,AO,1717449051
249,tommot,58.9564,126.2925,12.26,63,33,0.89,RU,1717449303
250,heroica matamoros,25.8833,-97.5,36.12,56,0,11.83,MX,1717449006
251,dosso,13.049,3.1937,33.58,35,97,3.09,NE,1717449304
252,mbanza kongo,-6.267,14.2401,20.13,84,17,1.45,AO,1717449304
253,broken hill,-31.95,141.4333,8.02,53,100,3.49,AU,1717449305
254,alofi,-19.0595,-169.9187,24.94,69,75,6.17,NU,1717449305
255,stanley,54.868,-1.6985,13.77,79,20,3.6,GB,1717449305
256,vila franca do campo,37.7167,-25.4333,19.23,99,23,2.27,PT,1717449305
257,lata,40.1629,-8.3327,15.78,68,0,0.72,PT,1717449305
258,nova vicosa,-17.8919,-39.3719,23.53,84,22,2.78,BR,1717449050
259,puerto deseado,-47.7503,-65.8938,6.5,72,100,8.88,AR,1717449305
260,klin,56.3333,36.7333,15.45,93,31,2.68,RU,1717449306
261,port lincoln,-34.7333,135.8667,12.33,83,100,4.63,AU,1717449306
262,baoro,5.6667,15.9667,21.9,90,70,0.3,CF,1717449069
263,kalmunai,7.4167,81.8167,25.96,89,94,5.12,LK,1717449306
264,naliya,23.2667,68.8333,27.87,76,16,5.42,IN,1717449306
265,jaithari,23.2333,78.6167,33.87,34,79,6.41,IN,1717449306
266,eyl,7.9803,49.8164,27.11,79,53,8.51,SO,1717449306
267,saint-francois,46.4154,3.9054,11.69,95,20,1.03,FR,1717449306
268,katsuura,35.1333,140.3,17.32,82,66,5.91,JP,1717449307
269,torghay,49.6339,63.4981,20.92,31,100,3.73,KZ,1717449307
270,sanctuary point,-35.1114,150.629,11.22,81,34,3.39,AU,1717449307
271,bulgan,48.8125,103.5347,11.55,77,99,0.86,MN,1717449307
272,suoyarvi,62.0833,32.35,15.41,96,82,2.18,RU,1717449307
273,portland,45.5234,-122.6762,17.78,66,75,4.63,US,1717449104
274,pisco,-13.7,-76.2167,19.03,68,0,8.23,PE,1717449307
275,afaahiti,-17.75,-149.2833,28.93,79,100,5.42,PF,1717449307
276,saint-affrique,43.9558,2.8892,15.99,95,5,1.26,FR,1717449307
277,marsh harbour,26.5412,-77.0636,26.28,73,16,5.46,BS,1717449307
278,ancud,-41.8697,-73.8203,7.33,88,100,3.74,CL,1717449308
279,poronaysk,49.2167,143.1167,5.96,86,100,1.22,RU,1717449308
280,baiyin,36.5583,104.2081,13.59,71,100,6.74,CN,1717449308
281,colonia,50.9333,6.95,16.08,77,100,2.06,DE,1717449150
282,gewane,10.1664,40.6453,33.92,19,4,2.67,ET,1717449308
283,callao,-12.0667,-77.15,19.16,63,0,5.14,PE,1717449159
284,yanda bayo,11.5071,10.7459,33.92,27,75,3.68,NG,1717449308
285,vedaraniyam,10.3667,79.85,28.63,84,100,8.15,IN,1717449309
286,ustyuzhna,58.8394,36.4321,17.33,91,92,2.51,RU,1717449309
287,saint-philippe,-21.3585,55.7679,19.77,77,35,3.92,RE,1717449309
288,garoowe,8.4054,48.4845,31.06,41,100,7.76,SO,1717449309
289,hope mills,34.9704,-78.9453,27.13,88,100,5.66,US,1717449103
290,birbhaddar,30.0667,78.2833,28.44,22,0,3.09,IN,1717449309
291,paciran,-6.8767,112.3761,24.65,87,100,3.94,ID,1717449310
292,mae ramat,16.984,98.5166,23.61,99,100,1.05,TH,1717449310
293,keflavik,64.0049,-22.5624,5.95,65,75,10.29,IS,1717449310
294,yaiza,28.9633,-13.7631,19.87,60,75,4.63,ES,1717449310
295,mossel bay,-34.1831,22.146,14.96,82,100,6.54,ZA,1717449310
296,urangan,-25.3,152.9,10.67,80,70,1.34,AU,1717449310
297,francistown,-21.17,27.5079,11.7,18,0,3.97,BW,1717449310
298,fallon,39.4735,-118.7774,26.93,34,75,7.72,US,1717449310
299,broome,42.2506,-75.833,26.92,64,100,2.06,US,1717449311
300,preobrazheniye,42.9019,133.9064,9.1,91,89,1.82,RU,1717449311
301,sterling,39.0062,-77.4286,29.77,59,75,3.09,US,1717449276
302,codrington,-38.2667,141.9667,6.87,89,100,2.4,AU,1717449311
303,trincomalee,8.5711,81.2335,28.21,74,100,6.95,LK,1717449310
304,dolores,-36.3132,-57.6792,7.27,61,21,1.99,AR,1717449311
305,bontang,0.1333,117.5,25.84,88,100,4.32,ID,1717449311
306,smithers,54.7804,-127.1743,14.18,67,75,1.54,CA,1717449311
307,crookston,47.7741,-96.6081,21.95,64,100,1.54,US,1717449311
308,nadi,-17.8,177.4167,26.0,57,40,3.09,FJ,1717449311
309,akureyri,65.6835,-18.0878,0.96,100,100,11.32,IS,1717449311
310,los santos de maimona,38.45,-6.3833,22.58,49,37,4.54,ES,1717449312
311,makassar,-5.14,119.4221,25.03,100,20,1.03,ID,1717449099
312,padang,-0.9492,100.3543,27.03,86,82,1.78,ID,1717449312
313,zemio,5.0314,25.1361,22.95,80,87,1.59,CF,1717449069
314,el granada,37.5027,-122.4694,26.05,86,100,10.29,US,1717449312
315,chongwe,-15.3292,28.682,17.7,50,0,1.41,ZM,1717449312
316,saint-pierre,-21.3393,55.4781,19.82,60,75,3.6,RE,1717449312
317,nemuro,43.3236,145.575,7.18,95,100,3.71,JP,1717449312
318,senillosa,-39.0,-68.4167,9.88,39,100,7.37,AR,1717449312
319,ust'-barguzin,53.45,108.9833,6.3,95,68,0.85,RU,1717449313
320,krasnyy oktyabr',56.1167,38.8833,16.86,94,10,2.56,RU,1717449313
321,karoi,-16.8099,29.6925,17.38,53,0,1.2,ZW,1717449313
322,onega,63.9061,38.1404,14.62,98,98,2.58,RU,1717449313
323,darwin,-12.4611,130.8418,21.99,81,15,1.54,AU,1717449313
324,chebarkul',54.9749,60.3633,12.53,97,26,2.39,RU,1717449313
325,aydarken,39.9443,71.3429,8.74,81,100,5.22,KG,1717449313
326,pierre,44.3683,-100.351,29.92,36,0,8.23,US,1717449185
327,okondja,-0.6549,13.6753,23.68,90,13,1.13,GA,1717449314
328,antsiranana,-12.2787,49.2917,23.95,79,71,7.67,MG,1717449314
329,paracuru,-3.41,-39.0306,28.95,87,51,4.03,BR,1717449071
330,federacion,-31.0062,-57.8996,11.44,76,1,4.0,AR,1717449018
331,bengkulu,-3.8004,102.2655,24.28,91,99,1.82,ID,1717449084
332,oyem,1.5995,11.5793,21.4,98,98,1.29,GA,1717449314
333,sambava,-14.2667,50.1667,22.12,85,24,5.8,MG,1717449314
334,tete,-16.1564,33.5867,23.42,42,0,1.18,MZ,1717449315
335,bridgewater,44.3835,-64.5155,18.39,75,73,1.03,CA,1717449236
336,jucurutu,-6.0339,-37.0203,28.95,58,96,6.55,BR,1717449315
337,yelwa,8.8333,9.6333,28.52,67,79,3.15,NG,1717449315
338,kapuskasing,49.4169,-82.4331,26.0,31,100,5.66,CA,1717449315
339,aasiaat,68.7098,-52.8699,0.14,72,0,6.7,GL,1717449315
340,chahar burj,34.2448,62.1917,24.38,22,0,6.88,AF,1717449315
341,tianpeng,30.9866,103.9393,17.26,88,100,2.59,CN,1717449315
342,aketi,2.7388,23.7833,23.74,87,73,0.62,CD,1717449315
343,strezhevoy,60.7333,77.5889,1.09,78,5,2.68,RU,1717449211
344,cardigan,52.0847,-4.6591,14.96,91,12,0.9,GB,1717449315
345,fuyu,45.1833,124.8167,15.68,85,31,2.28,CN,1717449316
346,sumbawa besar,-8.5,117.4333,22.94,92,98,1.89,ID,1717449316
347,kangding,30.0513,101.9603,11.87,99,100,1.17,CN,1717449316
348,tateyama,34.9833,139.8667,16.86,83,34,4.63,JP,1717449316
349,arteche,12.2645,125.4048,24.97,92,100,1.56,PH,1717449316
350,labytnangi,66.6572,66.4183,0.21,82,75,2.07,RU,1717449316
351,laguna,38.421,-121.4238,29.74,51,0,5.66,US,1717449316
352,sao joao da barra,-21.6403,-41.0511,23.05,85,0,4.94,BR,1717449316
353,amga,60.8953,131.9608,10.48,52,22,4.16,RU,1717449317
354,singkil,-7.9855,111.4161,23.09,94,69,2.37,ID,1717449317
355,la villa del rosario,10.3258,-72.3134,36.02,44,100,1.48,VE,1717449317
356,essaouira,31.5125,-9.77,18.41,93,0,5.01,MA,1717449132
357,zhanaozen,43.3,52.8,24.83,32,33,3.84,KZ,1717449317
358,conde,-7.2597,-34.9075,23.7,100,75,4.12,BR,1717449051
359,horta,38.5333,-28.6333,18.9,83,20,3.6,PT,1717449303
360,klyuchi,52.2667,79.1667,15.95,63,100,7.44,RU,1717449317
361,kolonia,50.9333,6.95,16.08,77,100,2.06,DE,1717449201
362,soufriere,13.8562,-61.0566,30.81,83,40,9.26,LC,1717449317
363,fonte boa,-2.4959,-66.2662,26.15,97,100,1.53,BR,1717449317
364,abalak,58.1286,68.5944,4.64,92,0,1.02,RU,1717449318
365,leninskoye,41.7589,69.3864,17.43,63,7,1.56,KZ,1717449318
366,walvis bay,-22.9575,14.5053,12.27,75,0,3.61,NA,1717449318
367,bardai,11.65,7.2333,24.99,67,100,3.85,NG,1717449318
368,nea alikarnassos,35.3333,25.1667,25.52,51,0,2.06,GR,1717449318
369,lazaro cardenas,17.9583,-102.2,30.12,52,3,6.2,MX,1717449318
370,rice lake,45.5061,-91.7382,26.18,61,75,6.17,US,1717449318
371,ingeniero jacobacci,-41.3427,-69.5448,3.5,66,100,5.41,AR,1717449319
372,new norfolk,-42.7826,147.0587,9.84,96,66,1.39,AU,1717449319
373,tekirdag,40.978,27.5085,21.64,54,37,1.36,TR,1717449319
374,hammerfest,70.6634,23.6821,11.25,76,40,2.57,NO,1717449319
375,stettler,52.3168,-112.7186,17.64,53,65,4.28,CA,1717449319
376,bowen,-20.0167,148.2333,14.92,79,0,2.83,AU,1717449286
377,dingli,35.8614,14.3822,21.09,64,0,4.63,MT,1717449319
378,thatta,24.7475,67.9235,28.01,77,4,7.11,PK,1717449319
379,caruthersville,36.1931,-89.6556,24.99,75,100,3.1,US,1717449319
380,itoman,26.1247,127.6694,23.01,81,20,3.6,JP,1717449269
381,sinabang,2.4803,96.3801,26.76,86,46,2.03,ID,1717449320
382,tosontsengel,48.7567,98.2839,8.66,58,75,1.31,MN,1717449320
383,uyuni,-20.4597,-66.825,10.6,23,48,3.19,BO,1717449320
384,bikenibeu village,1.3673,173.1241,29.98,74,40,3.09,KI,1717449320
385,necochea,-38.5473,-58.7368,7.09,69,77,3.65,AR,1717449320
386,borba,-4.3878,-59.5939,26.59,93,87,0.85,BR,1717449320
387,alta sierra,35.7291,-118.5495,21.17,35,72,5.19,US,1717449320
388,pimentel,-6.8367,-79.9342,21.16,68,0,6.17,PE,1717449321
389,rosario oeste,-14.8361,-56.4275,30.02,36,62,1.61,BR,1717449321
390,port blair,11.6667,92.75,28.35,82,93,6.0,IN,1717449282
391,dryden,49.7833,-92.7503,19.16,68,75,1.03,CA,1717449321
392,nykvarn,59.8,18.3,17.99,63,98,3.42,SE,1717449321
393,santana,-0.0583,-51.1817,29.1,84,75,2.57,BR,1717449321
394,rio claro,-22.4114,-47.5614,21.6,53,95,0.57,BR,1717449321
395,uruzgan,32.8333,66.0,24.6,20,64,1.09,AF,1717449321
396,charters towers,-20.1,146.2667,12.79,91,0,3.77,AU,1717449322
397,filadelfia,39.9523,-75.1638,30.72,51,75,3.09,US,1717449299
398,boguchany,58.3814,97.4531,4.92,94,100,1.79,RU,1717449322
399,alo,7.4178,6.7371,25.11,93,2,1.86,NG,1717449322
400,mazagao,-0.115,-51.2894,29.03,90,36,1.96,BR,1717449322
401,andalusia,31.3085,-86.4833,28.97,71,75,2.06,US,1717449322
402,olanchito,15.5,-86.5667,30.91,81,100,1.11,HN,1717449322
403,tolanaro,-25.0319,46.9987,21.04,94,75,6.17,MG,1717449322
404,zwedru,6.0667,-8.1281,23.32,98,100,1.4,LR,1717449323
405,limassol,34.675,33.0333,28.04,34,0,2.57,CY,1717449323
406,tver,56.8619,35.8931,17.38,86,54,2.24,RU,1717449323
407,nadym,65.5333,72.5167,-3.35,95,39,2.16,RU,1717449323
408,andkhoy,36.9529,65.1238,28.31,26,0,5.38,AF,1717449323
409,sarkand,45.41,79.9186,9.94,67,24,2.02,KZ,1717449323
410,usinsk,65.9939,57.5281,3.37,86,100,4.47,RU,1717449216
411,puerto plata,19.7934,-70.6884,29.95,63,94,2.55,DO,1717449069
412,mercedes,-34.6515,-59.4307,9.92,69,30,3.32,AR,1717449034
413,masoko,-9.3333,33.75,18.04,73,96,1.88,TZ,1717449323
414,taitung city,22.7583,121.1444,23.31,78,91,2.71,TW,1717449323
415,lubango,-14.9172,13.4925,11.15,32,18,1.16,AO,1717449324
416,seaside,36.6111,-121.8516,24.72,81,40,3.13,US,1717449043
417,zyrya,40.3661,50.2917,19.05,73,84,1.96,AZ,1717449324
418,sakleshpur,12.9667,75.7833,21.58,95,100,2.06,IN,1717449324
419,floro,61.5996,5.0328,8.98,81,100,6.69,NO,1717449324
420,lucas,41.6501,-83.6666,29.72,64,0,3.09,US,1717449324
421,kudat,6.8837,116.8477,26.96,94,100,2.06,MY,1717449324
422,pocatello,42.8713,-112.4455,18.95,74,40,10.29,US,1717449160
423,kingston,17.997,-76.7936,29.53,62,75,2.06,JM,1717449243
424,yuxia,34.0615,108.6291,20.34,56,100,3.63,CN,1717449325
425,rio preto da eva,-2.6994,-59.6997,25.74,96,100,1.48,BR,1717449325
426,petoskey,45.3733,-84.9553,28.17,47,0,5.36,US,1717449067
427,saldanha,-33.0117,17.9442,17.03,97,57,4.02,ZA,1717449325
428,noosa heads,-26.3833,153.15,10.19,69,43,3.38,AU,1717449325
429,tondano,1.3038,124.9112,21.05,98,100,0.13,ID,1717449325
430,dangriga,16.9692,-88.2321,29.49,71,53,4.65,BZ,1717449069
431,kununurra,-15.7667,128.7333,21.99,83,100,3.09,AU,1717449325
432,osmancik,40.9782,34.8047,17.26,88,22,0.72,TR,1717449325
433,fort-shevchenko,44.5086,50.263,23.71,55,0,3.69,KZ,1717449326
434,morehead city,34.7229,-76.726,27.78,69,0,6.69,US,1717449313
435,piacabucu,-10.4056,-36.4344,24.83,88,17,3.52,BR,1717449326
436,fort st. john,56.2499,-120.8529,8.94,93,100,3.6,CA,1717449163
437,mazyr,52.0495,29.2456,15.14,94,0,2.76,BY,1717449326
438,zhangatas,43.5667,69.75,15.68,39,28,4.12,KZ,1717449326
439,ballinasloe,53.3275,-8.2194,12.48,90,100,3.9,IE,1717449326
440,kavieng,-2.5744,150.7967,28.62,76,90,4.36,PG,1717449327
441,villa la angostura,-40.7617,-71.6463,3.05,94,100,1.2,AR,1717449327
442,khandyga,62.6667,135.6,12.51,57,23,1.99,RU,1717449327
443,macau,22.2006,113.5461,25.4,88,40,10.29,MO,1717449327
444,vilyuysk,63.7553,121.6247,14.44,90,81,2.24,RU,1717449327
445,tsiombe,-25.3,45.4833,20.28,88,4,4.77,MG,1717449327
446,sisimiut,66.9395,-53.6735,4.28,65,69,2.62,GL,1717449327
447,binhe,32.6883,112.8275,22.49,49,100,1.24,CN,1717449327
448,fairfax,38.8501,-77.3497,29.12,60,75,2.57,US,1717449309
449,la passe,45.5549,-0.8967,18.32,81,12,3.44,FR,1717449327
450,east ballina,-28.8667,153.5833,9.95,72,87,4.54,AU,1717449328
451,george,-33.963,22.4617,13.75,82,100,2.06,ZA,1717449328
452,rantepao,-2.9701,119.8978,19.26,99,100,0.99,ID,1717449328
453,gaspe,48.8334,-64.4819,18.12,72,20,4.12,CA,1717449328
454,kourou,5.1552,-52.6478,29.03,80,9,3.63,GF,1717449328
455,mahdia,35.5047,11.0622,20.97,68,10,6.06,TN,1717449328
456,isangel,-19.55,169.2667,26.06,78,20,2.06,VU,1717449328
457,miramichi,47.0043,-65.4654,14.39,79,89,4.05,CA,1717449328
458,imperatriz,-5.5264,-47.4917,32.03,51,40,2.57,BR,1717449315
459,sakchu-up,40.3894,125.0467,14.99,77,0,0.94,KP,1717449328
460,chateauneuf-sur-loire,47.8657,2.219,15.44,93,99,1.95,FR,1717449329
461,urbano santos,-3.2078,-43.4036,26.59,75,2,0.67,BR,1717449329
462,meadow lake,34.8014,-106.5436,32.61,11,8,3.93,US,1717449097
463,alvorada,-12.48,-49.1247,28.29,38,100,2.24,BR,1717449329
464,puerto armuelles,8.2833,-82.8667,25.61,89,100,2.24,PA,1717449329
465,mao,39.8885,4.2658,18.31,88,20,1.03,ES,1717449329
466,fundao,-19.9341,-40.4047,22.74,93,7,0.43,BR,1717449330
467,ljusdal,61.8288,16.0913,9.78,84,49,3.08,SE,1717449330
468,rio grande,-32.035,-52.0986,13.06,67,48,5.33,BR,1717449330
469,la ronge,55.1001,-105.2842,18.12,48,75,7.2,CA,1717449330
470,masvingo,-20.0637,30.8277,18.83,36,32,2.77,ZW,1717449330
471,indre arna,60.4247,5.4764,9.93,89,3,3.14,NO,1717449330
472,mount gambier,-37.8333,140.7667,5.8,82,100,1.63,AU,1717449330
473,arkhangel'sk,64.5401,40.5433,18.96,100,40,2.0,RU,1717449276
474,moyamba,8.1667,-12.4333,24.93,96,100,1.53,SL,1717449330
475,ridgecrest,35.6225,-117.6709,37.03,17,75,7.72,US,1717449133
476,sao mateus,-18.7161,-39.8589,21.59,87,4,1.76,BR,1717449140
477,kota kinabalu,5.9749,116.0724,24.99,94,20,2.06,MY,1717449331
478,tobias barreto,-11.1839,-37.9983,22.65,91,3,3.31,BR,1717449331
479,martuk,50.7475,56.5056,19.26,61,76,2.51,KZ,1717449331
480,imbituba,-28.24,-48.6703,12.81,91,100,6.09,BR,1717449079
481,rawson,-43.3002,-65.1023,8.31,50,100,13.68,AR,1717449331
482,plastun,44.7561,136.2939,6.28,88,100,0.77,RU,1717449331
483,midoun,33.8081,10.9923,21.92,74,5,9.95,TN,1717449331
484,fianarantsoa,-21.4333,47.0833,14.24,90,99,2.25,MG,1717449331
485,buncrana,55.1333,-7.45,13.87,91,31,4.36,IE,1717449332
486,obo,5.3998,26.4869,22.47,82,71,0.55,CF,1717449332
487,papao,-17.75,-149.55,29.82,76,100,4.18,PF,1717449332
488,rockport,28.0206,-97.0544,33.03,76,0,7.2,US,1717449332
489,putnok,48.3,20.4333,15.7,97,100,1.27,HU,1717449332
490,taro,-8.3862,115.28,22.0,100,87,0.21,ID,1717449332
491,kerikeri,-35.2268,173.9474,11.06,95,100,1.18,NZ,1717449332
492,ellsworth,44.5434,-68.4195,23.05,78,100,2.06,US,1717449332
493,taupo,-38.6833,176.0833,6.07,71,91,1.45,NZ,1717449332
494,porbandar,21.6422,69.6093,28.63,76,100,3.96,IN,1717449333
495,bel ombre,-4.6167,55.4167,28.91,79,20,3.09,SC,1717449333
496,juneau,58.3019,-134.4197,15.0,67,100,4.12,US,1717449333
497,bokoro,12.3807,17.0568,37.19,19,15,3.57,TD,1717449333
498,mpwapwa,-6.35,36.4833,17.3,93,73,1.84,TZ,1717449333
499,kutum,14.2,24.6667,28.58,9,43,4.39,SD,1717449333
500,mahina,-17.5065,-149.489,29.87,62,75,3.09,PF,1717449333
501,cabo san lucas,22.8909,-109.9124,33.17,35,0,2.06,MX,1717449122
502,kudymkar,59.0173,54.656,14.61,96,99,1.71,RU,1717449333
503,ghorawal,24.7667,82.7833,32.37,25,61,3.48,IN,1717449334
504,bamboo flat,11.7,92.7167,27.84,83,92,5.75,IN,1717449334
505,jeddah,21.5169,39.2192,33.92,26,0,1.54,SA,1717449334
506,motygino,58.1831,94.7592,3.77,89,99,2.68,RU,1717449334
507,cuyo,10.8525,121.0086,29.24,73,100,1.75,PH,1717449334
508,tomatlan,19.9333,-105.25,32.31,37,0,5.28,MX,1717449334
509,president roxas,7.1544,125.0558,24.01,95,88,0.84,PH,1717449335
510,amungan,15.3652,119.9582,27.75,76,99,1.52,PH,1717449335
511,yaprakli,40.7579,33.7782,16.16,71,2,0.88,TR,1717449335
512,campos belos,-13.0367,-46.7717,25.73,40,100,2.2,BR,1717449335
513,abu jibeha,11.4562,31.2285,33.18,26,6,2.19,SD,1717449335
514,sur,22.5667,59.5289,29.3,71,6,7.6,OM,1717449335
515,mil'kovo,55.6078,37.7956,17.81,90,25,3.89,RU,1717449335
516,nieuw amsterdam,5.8833,-55.0833,26.09,89,20,1.03,SR,1717449336
517,benghazi,32.1167,20.0667,27.2,50,29,6.73,LY,1717449336
518,manokwari,-0.8667,134.0833,26.11,78,100,1.62,ID,1717449242
519,prado,-17.3411,-39.2208,22.78,89,61,3.09,BR,1717449336
520,kem',64.9555,34.5793,9.39,99,100,2.13,RU,1717449336
521,sarankhola,22.3082,89.7897,28.15,88,100,3.11,BD,1717449336
522,douz,33.4663,9.0203,21.96,56,2,10.52,TN,1717449336
523,tshabong,-26.05,22.45,6.35,46,0,3.26,BW,1717449337
524,sao gabriel da cachoeira,-0.1303,-67.0892,25.21,96,100,0.9,BR,1717449337
525,howrah,22.5892,88.3103,29.0,94,40,3.09,IN,1717449337
526,tanout,14.9709,8.8879,34.24,23,87,5.31,NE,1717449337
527,aykhal,66.0,111.5,12.0,44,100,1.78,RU,1717449337
528,dzhalagash,45.0833,64.6667,20.04,21,7,4.29,KZ,1717449337
529,sainte-anne-des-monts,49.124,-66.4924,10.93,93,100,3.6,CA,1717449334
530,padangsidempuan,1.3667,99.2667,22.92,98,100,0.9,ID,1717449337
531,miastko,54.0028,16.9826,11.86,96,90,3.26,PL,1717449337
532,tarnogskiy gorodok,60.4997,43.5761,16.49,93,2,3.01,RU,1717449338
533,yuzhno-kurilsk,44.0306,145.8556,6.88,97,100,3.42,RU,1717449338
534,susuman,62.7833,148.1667,9.43,51,7,0.89,RU,1717449338
535,kristiansund,63.1115,7.732,9.36,74,75,4.12,NO,1717449338
536,vredendal,-31.6683,18.5012,13.84,89,99,11.71,ZA,1717449338
537,roma,43.2128,-75.4557,28.06,54,20,1.54,US,1717449151
538,fort wellington,6.4,-57.6,27.62,82,12,4.23,GY,1717449338
539,olyokminsk,60.3736,120.4264,14.43,54,99,1.04,RU,1717449338
540,inari,68.906,27.0288,18.11,68,100,1.85,FI,1717449339
541,rabo de peixe,37.8,-25.5833,18.73,99,20,5.14,PT,1717449339
542,mermoz boabab,14.7065,-17.4758,23.88,83,75,4.12,SN,1717449339
543,klaksvik,62.2266,-6.589,6.51,72,84,5.59,FO,1717449339
544,bangassou,4.7413,22.8184,22.77,93,97,0.65,CF,1717449339
545,peniche,39.3558,-9.3811,18.95,89,0,2.52,PT,1717449339
546,novoishimskiy,53.1981,66.7694,15.34,91,67,3.09,KZ,1717449339
547,zhigalovo,54.8097,105.1578,9.02,89,76,1.35,RU,1717449339
548,niafunke,15.9322,-3.9906,36.37,28,82,4.22,ML,1717449339
549,mogocha,53.7333,119.7667,8.93,77,100,1.29,RU,1717449340
550,san antonio de pale,-1.4014,5.6325,25.83,82,88,5.43,GQ,1717449340
551,christiansburg,37.1298,-80.4089,25.79,74,75,2.57,US,1717449136
552,inhambane,-23.865,35.3833,24.35,83,9,7.61,MZ,1717449340
553,sumbe,-11.2061,13.8437,21.92,83,23,2.85,AO,1717449340
554,santyoku,37.4406,129.1708,13.23,88,4,2.51,KR,1717449340
555,copiapo,-27.3667,-70.3333,12.83,49,100,1.28,CL,1717449291
556,wuyang,31.9925,116.2472,22.28,58,100,2.77,CN,1717449341
557,cloppenburg,52.85,8.0333,14.92,90,100,2.03,DE,1717449341
558,pak phanang,8.3511,100.202,26.96,80,100,3.2,TH,1717449341
559,erenhot,43.6475,111.9767,19.31,35,100,1.48,CN,1717449341
560,severodvinsk,64.5635,39.8302,18.96,96,98,2.76,RU,1717449341
561,woolgoolga,-30.1106,153.2007,6.69,60,57,1.13,AU,1717449341
562,laojunmiao,39.8333,97.7333,12.67,31,14,3.8,CN,1717449341
563,shakhtars'k,48.0625,38.5167,17.61,71,12,1.93,UA,1717449341
564,nhamunda,-2.1861,-56.7131,27.37,87,49,1.71,BR,1717449342
565,pyhajarvi,67.0701,27.2176,15.13,87,100,1.97,FI,1717449342
